Organisation,Postcode,Website,Facebook,Twitter
3food4u,CM5 0AD,www.3food4u.org/,@3food4u,N/A
3food4u,IG10 4NX,www.3food4u.org/,@3food4u,N/A
3food4u,IG7 4QD,www.3food4u.org/,@3food4u,N/A
3food4u,EN9 1ER,www.3food4u.org/,@3food4u,N/A
3food4u,N15 5EG,www.3food4u.org/,@3food4u,N/A
5 Pillars,LU4 0EH,N/A,www.facebook.com/people/5-Pillars-Community-Group/100076215890005/,N/A
A Helping Hand In The Highlands,IV124PG,N/A,@Ahhith,N/A
A Helping Hand In The Highlands,IV2 3QW,N/A,@Ahhith1,N/A
A Helping Hand In The Highlands,IV17 0YT,N/A,@Ahhith1,N/A
Abbey Courth Helpers,M26 3RS,N/A,@Radcliffewastesavers,N/A
Action For Refugees In Lewisham,SE13 5ES,www.afril.org.uk,@ActionForRefugeesInLewisham,@afril
Action Force Community Group,LU3 2DG,www.actionforce.org.uk,@actionforcecommunitygroup,@actionforcecg
Adis legacy non profit community support group,LN5 8SS,N/A,www.facebook.com/groups/1664273157108873/?ref=share_group_link,N/A
Adis legacy non profit community support group,LN2 4DD,N/A,www.facebook.com/groups/1664273157108873/?ref=share_group_link,N/A
Adis legacy non profit community support group,LN5 8TQ,N/A,www.facebook.com/groups/1664273157108873/?ref=share_group_link,N/A
Agape Care Foodbank,PE11 2XP,N/A,@agapecarefoodbank,N/A
Aishah Help,"No set location (E12 6UN, Queensberry Place, Manor Park, London)",N/A,N/A,N/A
Al-Farooq Education and Community Centre,G42 8EJ,www.afecc.co.uk/,@AFECCSCOTLAND,N/A
Al-Ikhlas Centre,CF24 1NH,www.alikhlas.org.uk,@alikhlascec,@alikhlascec
Albrighton Foodbank (Tenbury),WV7 3EQ,www.albrightonparishchurch.org.uk/880352199077.htm,@stmarysalbrighton,N/A
Ambition Aspire Achieve,E16 4JT,www.theaaazone.com,@AmbitionAspireAchieve,@theaaazone
Ardwick and Longsight Food Bank,M13 0LN,www.ardwickandlongsightfoodbank.org.uk/,N/A,@ArdwickLongFood
Ashton Pantry (Church Wigan Pantries),WN4 9PL,www.stthomasstluke.org.uk/ourtown/ourtown-pantryparcels/,@stthomasstluke,@StThomasStLuke
Aspire Community and Wrestling Alliance Ltd,DE21 6DJ,N/A,@aspirewrestlingalliance,@AspireWrestling
Asylum Link Merseyside,L7 3HJ,www.asylumlink.org.uk/,@asylumlinkmerseyside,@AsylumLink
Axminster Health & Wellbeing Centre,EX13 5DZ,www.axminsterwellbeing.com,@axminsterwellbeing,N/A
AY Group Community Services CIC,SW1V 1TA,www.ay-group.org,N/A,@AY_CIC
Aylesbury Vineyard Storehouse,HP19 8DN,www.aylesburyvineyard.church/storehouse,@aylesburystorehouse,@aylesburyvine
Baby Box Isle of Wight,PO38 1AS,N/A,@BabyBoxIOW,N/A
Bahja Initiative,BB5 0RT,Bahja.co.uk,@bahjainitiativeaccrington,@BahjaInitiative
Banc Bwyd Aberaeron,SA46 0AJ,N/A,@BancBwydAberaeron,N/A
Banc Bwyd Bro Ddyfi Foodbank,SY20 8ER,N/A,N/A,N/A
Banc Bwyd Llanbed-Lampeter Food Bank,SA48 7BN,N/A,@lampeterfoodbank,N/A
Basics Food Bank (Lanarkshire),ML1 1XE,www.basicsfoodbanklanarkshire.weebly.com,@basicsfoodbank,N/A
Basics Food Bank (Lanarkshire),ML2 7AY,www.basicsfoodbanklanarkshire.weebly.com,@basicsfoodbank,N/A
Bassetlaw Food Bank (Manton),S80 2TU,www.bassetlawfoodbank.org/,@bassetlaw.foodbank,@BassetlawB
Bassetlaw Food Bank (Retford),DN22 6BP,www.bassetlawfoodbank.org/,@bassetlaw.foodbank,@BassetlawB
Bath Vegan Food Bank (a Vegans Against world Hunger project),BA2 1HD,www.vegansagainstworldhunger.org,@vegansagainstworldhunger,N/A
Batley Food Bank,WF17 8PD,www.batleyfoodbank.org.uk,@batleyfood,@batleyfoodbank
Be Enriched,SE1 6SN,www.be-enriched.org,@Be.EnrichedUK,@be_enriched
Be Enriched,SW4 8EP,www.be-enriched.org,@Be.EnrichedUK,@be_enriched
Be Enriched,SW17 9NQ,www.be-enriched.org,@Be.EnrichedUK,@be_enriched
Bedford Street Community Company Ltd,LL18 1LS,www.forydcentre.com,@forydcentre,N/A
Belfast And Lisburn Community Project,BT4 3BA,www.balcproject.org.uk/,@BALCProject,@BALCProject
Belton Church Pantry,NR31 9LD,N/A,N/A,N/A
Bervie Pantry,DD10 0RB,N/A,www.facebook.com/groups/630843637988146/,N/A
Berwick Community Trust,TD15 1JT,www.berwicktrust.org.uk/,@berwickcommunitytrust,@berwicktrust
Bethel Outreach,SW9 7SH,N/A,N/A,N/A
Bethel Trust Port Talbot,SA12 6LR,www.betheltrustpt.co.uk,N/A,N/A
Bethlehem House of Bread (Condorrat Parish Church),G67 4DZ,N/A,www.facebook.com/@Bethlehem-House-of-Bread-food-bank-100064423314107/,N/A
Bethlehem House of Bread (Cornerstone House Centre),G67 4EF,N/A,www.facebook.com/@Bethlehem-House-of-Bread-food-bank-100064423314107/,N/A
Bethnal Green Foodbank,E2 9LY,www.bowfoodbank.org,@BowFoodbank,@bethnalfoodbank
Better Together Community Support Group,ST4 5LU,www.bettertogethercommunitystoke.org,@betterstoke,@betterstoke
Bishop's Stortford Food Bank,CM23 3AZ,www.bishopsstortfordfoodbank.com,@bsfoodbank,N/A
Black Country Food Bank (Ablewell Advice),WS1 2EQ,www.blackcountryfoodbank.org.uk/,@blackcountryfoodbank,@bcfoodbank
Black Country Food Bank (All Saints),WS10 9LA,www.blackcountryfoodbank.org.uk/,@blackcountryfoodbank,@bcfoodbank
Black Country Food Bank (Brickhouse Community Foodbank),B65 8HS,www.blackcountryfoodbank.org.uk/,@blackcountryfoodbank,@bcfoodbank
Black Country Food Bank (Bridging the Gap),WV13 1RT,www.blackcountryfoodbank.org.uk/,@blackcountryfoodbank,@bcfoodbank
Black Country Food Bank (Community Link),B64 5HA,www.blackcountryfoodbank.org.uk/,@blackcountryfoodbank,@bcfoodbank
Black Country Food Bank (Darkhouse Foodbank),WV14 8XH,www.blackcountryfoodbank.org.uk/,@blackcountryfoodbank,@bcfoodbank
Black Country Food Bank (Grace Church),DY5 4AJ,www.blackcountryfoodbank.org.uk/,@blackcountryfoodbank,@bcfoodbank
Black Country Food Bank (Holy Cross Community Foodbank),B69 1LL,www.blackcountryfoodbank.org.uk/,@blackcountryfoodbank,@bcfoodbank
Black Country Food Bank (Holy Trinity Church),B64 6JA,www.blackcountryfoodbank.org.uk/,@blackcountryfoodbank,@bcfoodbank
Black Country Food Bank (Kingswinford Foodbank),DY6 9JG,www.blackcountryfoodbank.org.uk/,@blackcountryfoodbank,@bcfoodbank
Black Country Food Bank (Lifecentral Food Bank),B63 3AJ,www.blackcountryfoodbank.org.uk/,@blackcountryfoodbank,@bcfoodbank
Black Country Food Bank (Netherton Food Bank),DY2 9PN,www.blackcountryfoodbank.org.uk/,@blackcountryfoodbank,@bcfoodbank
Black Country Food Bank (New Testament Church of God),WV13 1PB,www.blackcountryfoodbank.org.uk/,@blackcountryfoodbank,@bcfoodbank
Black Country Food Bank (Refresh),DY2 7AE,www.blackcountryfoodbank.org.uk/,@blackcountryfoodbank,@bcfoodbank
Black Country Food Bank (Replenish),DY8 1PQ,www.blackcountryfoodbank.org.uk/,@blackcountryfoodbank,@bcfoodbank
Black Country Food Bank (South Street Foodbank),DY5 2RR,www.blackcountryfoodbank.org.uk/,@blackcountryfoodbank,@bcfoodbank
Black Country Food Bank (Springs),DY3 1YB,www.blackcountryfoodbank.org.uk/,@blackcountryfoodbank,@bcfoodbank
Black Country Food Bank (Take a Break),DY3 2AU,www.blackcountryfoodbank.org.uk/,@blackcountryfoodbank,@bcfoodbank
Black Country Food Bank (The Fountain of Life),B69 3AG,www.blackcountryfoodbank.org.uk/,@blackcountryfoodbank,@bcfoodbank
Black Country Food Bank (The Giving Hands Charity),DY5 1RE,www.blackcountryfoodbank.org.uk/,@blackcountryfoodbank,@bcfoodbank
Black Country Food Bank (The Lamp Foodbank),WS8 7JW,www.blackcountryfoodbank.org.uk/,@blackcountryfoodbank,@bcfoodbank
Black Country Food Bank (The Rock),WS1 1TE,www.blackcountryfoodbank.org.uk/,@blackcountryfoodbank,@bcfoodbank
Black Country Food Bank (The Thomas Project),WS9 8HB,www.blackcountryfoodbank.org.uk/,@blackcountryfoodbank,@bcfoodbank
Black Country Food Bank (The Well),DY4 8QJ,www.blackcountryfoodbank.org.uk/,@blackcountryfoodbank,@bcfoodbank
Black Country Food Bank (Woodside Community Foodbank),DY2 0TH,www.blackcountryfoodbank.org.uk/,@blackcountryfoodbank,@bcfoodbank
Blackpool Food Bank,FY4 5QP,www.blackpoolfoodbank.co.uk,@blackpoolfoodbank,N/A
BLT Food Hub,CF38 2DA,N/A,www.facebook.com/people/BLT-Food-Hub/100088473267540/,N/A
Blue Door Foodbank,PH3 1DF,www.bluedoorfoodbank.org/,@bluedoorfoodbank,N/A
Bo'ness Storehouse Foodbank,EH51 9UD,N/A,@StorehouseBoness,N/A
Boldon Community Association,NE35 9DS,www.boldonca.co.uk,@BoldonCommunityCentre,N/A
Booth Centre,M3 1FU,www.boothcentre.org.uk/,@boothcentre,@BoothCentre
Bounds Green Food Bank,N22 8HE,N/A,@BoundsGreenFoodBank,@BoundsGFoodBank
Bow Foodbank,E3 3BT,www.bowfoodbank.org/,@BowFoodbank,@bowfoodbank
Brackley Food Bank,NN13 7EU,www.brackleyfoodbank.org,www.facebook.com/groups/1034566423758478/,N/A
Braes Storehouse Food Bank,FK2 0YN,www.braesstorehouse.org.uk,@Braes-Storehouse-Food-Bank,N/A
Brandlesholme,BL8 1HS,www.brandlesholme.com,@brandlesholmecc,@BrandlesholmeCC
Breadline Project,OX16 0RL,www.breadlineproject.org/,@breadlineproject,N/A
Bridge Church Food Bank,DN22 6AA,https://bridgechurchretford.com/,N/A,N/A
Bridgnorth Food Bank,WV16 4AB,www.bridgnorthfoodbank.co.uk,@BridgnorthFoodBank,@BNFoodBank
Broke Not Broken,KY13 8AY,www.brokenotbroken.org/,@BrokeNot,@broke_not
Bromyard Food Bank & Money Advice Centre,HR7 4EB,www.bromyardfoodbank.co.uk,@BromyardFoodBank,N/A
Brotherhood of the Cross & Star,SE1 6RT,www.bcs.uk-online.org,N/A,N/A
Broxtowe Community Projects,NG9 4AE,N/A,@BroxtoweCommunityProjects,N/A
Burton HOPE,DE14 1HA,www.burtonhope.co.uk,@BurtonHOPE,N/A
Bury Fellowship,BL9 0HE,N/A,N/A,N/A
Bute Oasis Food Bank,PA20 9DG,N/A,N/A,N/A
"Cae Rowland Pantry, aPproject of Cae Rowland Community Partnership Partnership",SA5 8NY,N/A,N/A,N/A
Caistor Food Bank,LN7 6UF,www.caistorfoodbank.org,@caistorfoodbank,@caistorfoodbank
Calvary Mansfield - Gap Cafe,NG18 3FS,N/A,N/A,N/A
Camden Mobile Food Bank,NW1 1DF,www.urbancommunityprojects.org.uk/camden-mobile-food-bank,N/A,@Camdenmfb
Camelford and Neighbours Community Larder,PL32 9PB,www.theoldbankcamelford.org.uk/,www.facebook.com/groups/241380803143024/?ref=share,N/A
Canaan Trust,NG10 1GR,www.canaan-trust.co.uk/,N/A,@Canaan_Trust
Canada Estate Tenants and Residents Association,SE16 7BA,N/A,N/A,N/A
Canterbury Food bank,CT5 3PS,N/A,N/A,N/A
Cardiff and Vale College,CF10 5FE,www.cavc.ac.uk,N/A,N/A
Caring for Kendray,S70 3RH,N/A,@caringforkendray,N/A
Caring Hands,WR11 4RE,www.chands.org.uk,N/A,@chandsevesham
Caring Hands,WR11 4AD,www.chands.org.uk,N/A,@chandsevesham
Caritas Foodbank Bury,M26 3WD,N/A,N/A,N/A
Caritas Portsmouth,PO1 3QA,www.caritasportsmouth.org.uk,N/A,N/A
Caritas Portsmouth,SO17 3SB,www.caritasportsmouth.org.uk,N/A,N/A
Caritas Portsmouth,PO9 1LP,www.caritasportsmouth.org.uk,N/A,N/A
Caritas Portsmouth,SO17 3SB,www.caritasportsmouth.org.uk,N/A,N/A
Caritas Portsmouth,PO9 1LP,www.caritasportsmouth.org.uk,N/A,N/A
Caritas Portsmouth,PO1 3QA,www.caritasportsmouth.org.uk,N/A,N/A
Carlisle Food Bank,CA3 8QT,www.carlislefoodbank.org.uk/,N/A,@CarlisleFbank
Carpenters Cafe,E15 2JL,www.carpenterscafe.co.uk,N/A,N/A
Castle Douglas Development Forum,DG7 1DB,www.castledouglas.info,N/A,N/A
CATCH Cwmtawe Action to Combat Hardship,SA9 2JA,www.catch-online.org.uk,N/A,N/A
"Cathedral Food Bank, Bangor",LL57 1RL,www.bangorfoodbank.org,@bangorfoodbank,N/A
Central & West inegration Network (Glasgow),G3 6RE,www.cwin.org.uk,@CWINGlasgowScotland,@IntegWest
Centre of Help and Hope,NW10 2JD,www.centreofhelpandhope.com,N/A,N/A
Cetma,SA17 4TA,www.cetma.org.uk,@PBPfoodbank,N/A
CFYDC (CHANCE) t/a Chapeltown Youth Development Centre,LS7 2HJ,www.cfydc.org.uk/,@ChapeltownYouthDC,@CFYDC_
CGCC Food Bank,WF4 3FX,N/A,@cgccfoodbank,N/A
Chard Lord's larder,TA20 1QA,www.lordslarder.chardct.org.uk,N/A,N/A
Christ Apostle Church House of Refuge,RM7 8NT,N/A,www.facebook.com/people/CAC-House-of-Refuge/100064836878782/,N/A
Christ Apostolic Church Mount of Rehoboth,WV13 1QU,www.cacmor.org.uk,@cacmortv,N/A
CHURCHES FOODBANK - Forest Gate,E7 8AA,N/A,@stmarysalbrighton,N/A
Churches Together in the Strettons,SY6 6DQ,N/A,N/A,@ChurchStretton1
CICC FOOD BANK,HA9 0JD,N/A,N/A,N/A
Cleckheaton Foodbank,BD19 5AR,www.cleckheatonfoodbank.weebly.com/,@cleckheatonfoodbank,@cleckhnfoodbank
Cleobury Mortimer Food Bank,DY14 8BX,www.cleobury.org.uk/blog/?page_id=2730,@Cleobury-Food-Bank,N/A
Clydesdale Food Bank,ML8 4BA,http://clydesdalefoodbank.org.uk/,@clydesdalefoodbank,N/A
Coatbridge community foodbank,ML5 3SP,www.coatbridgefoodbank.com/,@Coatb,N/A
Colne Valley Help,HD7 5AB,www.colnevalleyhelp.org.uk,@colnevalleyhelp,N/A
Colne Valley Help,HD3 4SS,www.colnevalleyhelp.org.uk,@colnevalleyhelp,N/A
Colne Valley Help,HD4 5UX,www.colnevalleyhelp.org.uk,@colnevalleyhelp,N/A
Come out of Hiding The Lighthouse Network,SE13 7FT,www.cooh.co.uk,@comeoutofhiding2015,@comeoutofhiding
Comfort Memorial Foodbank For All (CMfFA),MK9 2AH,www.cmffa.org.uk,@ComfortMemorial,@CMFFA_Foodbank
Community Essentials,B92 7HS,www.community-essentials.org.uk,@CommunityEssentials,N/A
Community Food Bank Skye & Lochalsh,IV51 9EH,www.skyefoodbank.co.uk,@SkyeFoodBank,N/A
Community Food Bank Skye & Lochalsh,IV49 9AE,www.skyefoodbank.co.uk,@SkyeFoodBank,N/A
Community of Helping Hands,G32 0TG,N/A,@communityofhelpinghands,@Communityofhel2
Copef Training Skills / African Emergency Food Bank,SW9 8TX,www.copeftrainingskills.co.uk/,@AfricanFoodBank,N/A
Cornelly Development Trust,CF33 4LN,www.caddt.org,@CornellyDT,@CAD_Dev_Trust
Cornerstone Day Centre - Caritas Diocese of Salford,M15 6JS,N/A,N/A,@CdsCornerstone
"Courtyard Cafe, Harehills Lane Baptist Church",LS8 4HE,www.hlbc.org.uk,N/A,N/A
Craft In Mind C.I.C,WA1 2QQ,N/A,N/A,@craftinmind
Craven Vale Food Bank,BN2 0FH,www.cravenvale.org.uk/,N/A,N/A
Crawley Open House,RH10 1TN,www.crawleyopenhouse.co.uk,@CrawleyOpenHouse,@CrawleyOpenHse
Crescent Food Bank,BL1 3QH,www.crescentfoodbank.org.uk,@crescentfbuk,@crescentfbuk
Croftfoot Parish Church (The Pantry),G44 5NS,N/A,N/A,N/A
Crookston Community Group,G53 5AS,www.myccg.co.uk,@CrookstonCommunityGroup,@CCG_Comunity
Croydon Refugee Day Centre,CR0 2JH,www.croydonrefugeedaycentre.co.uk,N/A,N/A
Cultenhove Opportunities,FK7 9DU,N/A,@CultenhoveOpportunities,N/A
Cymer Afan Community Library,SA13 3HR,N/A,@CymerAfanHelp,N/A
Dads House,W8 5EP,www.dadshouse.org.uk,@dadshouseuk,@dadshouseuk
Daily Bread Pop up Cafe,CM13 1JS,www.huttonparish.com,@huttonparish,N/A
Darkwood Crew - Helping Ferguslie Flourish,PA3 1NT,www.darkwoodcrew.co.uk,@DarkwoodCrew,@CrewDarkwood
Dartmoor Community Kitchen Food Bank,TQ13 9BP,www.communitykitchenhub.org.uk/,N/A,N/A
Daventry Food Bank (Vineyard Community Church),NN11 4JP,www.daventryfoodbank.org.uk,@FoodBankDaventry,N/A
Dawley Food Bank,TF4 2EX,dcctelford.wordpress.com/,www.facebook.com/people/Dawley-Christian-Centre-High-Street-Dawley/100064580534082/,N/A
Daylight Centre Fellowship- Wellingborough & District Foodbank,NN8 4HP,www.daylightcf.org,@daylightcentre,@daylightcentre
Depaul UK - Middlesborough,TS1 5AU,www.depaulcharity.org.uk,@depauluk,@DepaulUK
Derbyshire Community Hub,S43 3BL,N/A,Derbyshire Community Hub,N/A
Diamond Hampers (The Attic),PE29 3PN,www.diamondhampers.org,@DiamondHampersUK,N/A
Diamond Hampers (The Pantry),PE29 3LE,www.diamondhampers.org,@DiamondHampersUK,N/A
Divine Rescue Charity,WC1B 3PP,www.barnabascommunityprojects.org,@barnabascommunityprojects,@BCPCommunity
DN7 Community Foodbank,DN7 4HT,N/A,@DN7FoodBank,N/A
Dornoch Firth Group,IV25 3LA,www.dornochfirthgroup.com,N/A,N/A
Dunbar FoodShare (Formelly Dunbar Basics Bank),EH42 1EH,www.dunbarfoodshare.org,@dunbarfoodbank,N/A
Duns Food Bank,TD11 3DD,www.berwickshirehelp.org.uk/duns-food-bank/,@dunsfoodbank,N/A
Earlsfield Food Bank,SW18 4QG,www.earlsfieldfoodbank.org.uk,@earlsfieldfoodbank2020,N/A
East Berwickshire FoodBank,TD14 5LD,N/A,@EyemouthFoodBank,N/A
East Bridgwater Local Pantry,TA6 4QZ,N/A,www.facebook.com/groups/796896304333980/?mibextid=HsNCOg,N/A
East Neuk Foodbank,KY10 3HF,N/A,@eastneukfoodbank,N/A
Eat or Heat,E17 4QU,www.eatorheat.org,N/A,@EatOrHeat
Eat or Heat,E4 8LT,www.eatorheat.org,N/A,@EatOrHeat
Eats Rosyth,KY11 2RD,www.eatsrosyth.org.uk,,@eatsrosyth
EBI Unites,PA8 6HA,www.ebi.scot,@UnitingEBI,@EbiUnites
EBI Unites,PA4 9LU,www.ebi.scot,@UnitingEBI,@EbiUnites
Edible Links,CV9 2QX,N/A,@Ediblelinks17,@EdibleLinks
Edinburgh City Mission - Bruntsfield Foodbank+,EH10 4JU,www.edinburghcitymission.org.uk,N/A,@EdCiMi
Edinburgh City Mission - Granton Foodbank+,EH5 2NW,www.edinburghcitymission.org.uk,N/A,@EdCiMi
Edinburgh City Mission - Leith Foodbank+,EH6 5JX,www.edinburghcitymission.org.uk,N/A,@EdCiMi
Edinburgh City Mission - Moredun Foodbank+,EH17 7NX,www.edinburghcitymission.org.uk,N/A,@EdCiMi
Edinburgh City Mission - Newington Foodbank+,EH8 9NZ,www.edinburghcitymission.org.uk,N/A,@EdCiMi
Edinburgh City Mission - Prestopans Foodbank+,EH32 9NT,www.edinburghcitymission.org.uk,N/A,@EdCiMi
Edinburgh City Mission - Wilson Foodbank+,EH7 6RY,www.edinburghcitymission.org.uk,N/A,@EdCiMi
Edlington Community Organisation,DN12 1AB,www.edlingtoncommunityorganisation.wordpress.com,N/A,@EdlingtonECO
Eggcup,LA1 1NZ,www.eggcup.org,N/A,N/A
EK Community Food Bank,G74 2AU,www.calderwoodbaptist.co.uk/FoodBank,@FoodBankEK,N/A
EK Community Food Bank,G75 8TT,www.calderwoodbaptist.co.uk/FoodBank,@FoodBankEK,N/A
EK Community Food Bank,G74 4HG,www.calderwoodbaptist.co.uk/FoodBank,@FoodBankEK,N/A
EK Community Food Bank,G75 8EY,www.calderwoodbaptist.co.uk/FoodBank,@FoodBankEK,N/A
EK Community Food Bank,G74 3LW,www.calderwoodbaptist.co.uk/FoodBank,@FoodBankEK,N/A
EK Community Food Bank,G75 0EA,www.calderwoodbaptist.co.uk/FoodBank,@FoodBankEK,N/A
Elland and District Foodbank,HX5 0EX,N/A,www.facebook.com/groups/ellandfoodbank/?mibextid=HsNCOg,N/A
Eltham & Mottingham Community Foodbank,SE9 4TA,www.se9foodbank.org,N/A,N/A
Eltham & Mottingham Community Foodbank,SE9 5DN,www.se9foodbank.org,N/A,N/A
EMS Ltd,HU9 3QB,www.emsyorkshire.co.uk,N/A,N/A
EMS Ltd (Hessle Road Network),HU3 3LA,www.emsyorkshire.co.uk,N/A,N/A
EMS Ltd (Lonsdale Centre),HU3 6PA,www.emsyorkshire.co.uk,N/A,N/A
EMS Ltd (Springhead Golf Club),HU5 5JE,www.emsyorkshire.co.uk,N/A,N/A
EMS Ltd (St Hilda's Church),HU9 4JY,www.emsyorkshire.co.uk,N/A,N/A
EMS Ltd (The Mitchell Centre),HU2 0BQ,www.emsyorkshire.co.uk,N/A,N/A
Encompass,NN10 9YU,www.encompasscharity.org.uk,@Rushdenfoodbnk,N/A
Encompass,NN9 6HS,www.encompasscharity.org.uk,@Rushdenfoodbnk,N/A
Encompass,NN14 4FE,www.encompasscharity.org.uk,@Rushdenfoodbnk,N/A
Eudaimonia/ Super Kitch,DN21 1SN,www.eudaimonia-hmk.com,@eudaimoniacio,@Eudaimoniahmk
Eyres Monsell Club for Young People,LE2 9AQ,www.eyresmonsellcyp.co.uk,@EyresMonsellcyp,@EMCYP_
Fair Frome,BA11 1EB,www.fairfrome.org,N/A,@FairFrome
Fairfield Community Sports Hub SCIO,DD4 0JX,N/A,N/A,N/A
Faithworks Wessex (Blandford Food Bank),DT11 7DQ,www.faithworkswessex.org.uk,@faithworkswessex,N/A
Faithworks Wessex (Christchurch Food Bank),BH23 1EH,www.faithworkswessex.org.uk,@faithworkswessex,N/A
Faithworks Wessex (Poole Food Bank),BH15 1JP,www.faithworkswessex.org.uk,@faithworkswessex,N/A
Faithworks Wessex (Wimborne Food Bank),BH21 2AP,www.faithworkswessex.org.uk,@faithworkswessex,N/A
Families 1st 4 Additional Needs,NE13 7GB,N/A,N/A,@1st4families
Feed A Child Torbay,TQ2 8GR,www.feedachildtorbay.org.uk,N/A,N/A
Feltham Food Bank,TW14 0AX,www.felthamfoodbank.org,@FelthamFoodBank,N/A
Ferndown Community Support CIC,BH22 9JP,www.fendowncommunitysupport.org.uk,N/A,N/A
Fife Today's Community Church,KY2 5DG,The-hope-campus.ueniweb.com,N/A,N/A
Finchley Foodbank,N2 8HG,www.finchleyfoodbank.org.uk,@finchleyfoodbank,N/A
Firth Park Cultural Centre,S5 6HB,N/A,N/A,N/A
Food Aid - Blidworth,NG21 0PX,www.sfcc.org.uk/foodaid-blidworth,N/A,N/A
"Food Bank of the Sacred Heart Church, Eden Grove, Holloway",N7 8EN,N/A,N/A,N/A
Food Centre - Kings Community Church,SO30 4BZ,N/A,N/A,N/A
Food Facts Friends Foodbank,EH26 8AB,www.foodfactsfriends.org.uk,www.facebook.com/pages/category/Community/Food-facts-friends-community-hub-1552344625096420/,N/A
Food for Thought,G81 3LD,N/A,@foodforthoughtdumbarton,N/A
Food for Thought,G82 1LJ,N/A,@foodforthoughtdumbarton,N/A
Food for Thought,G81 2HX,N/A,@foodforthoughtdumbarton,N/A
Food for Thought,G83 0PG,N/A,@foodforthoughtdumbarton,N/A
Food for Thought Lancaster,LA1 2AP,N/A,www.facebook.com/groups/1007225669802269,N/A
Food For Your Future Community Pantry,KY11 4UG,N/A,@foodforyourfuture,N/A
Food in Community,TQ9 7UU,www.foodincommunity.org,@FoodinCommunityCIC,@Foodincommun
"Food Kitchen, St David Lewis and St Francis Xavier Church Hall",NP15 1RZ,N/A,@CatholicUsk,N/A
Food4All,E7 9LW,www.food4alluk.org/,@food4allel,N/A
Food4U,B73 6AA,N/A,N/A,N/A
Foodbank at St Matthew's,RH1 1DL,N/A,N/A,N/A
Foodbank PLUS (Barnabas Community Projects),SY3 7DN,www.urbancommunityprojects.org.uk/camden-mobile-food-bank,@Camdenmfb,@Camdenmfb
Foodbank4Whitby,YO21 3AJ,www.foodbank4whitby.org.uk/,@foodbankwhitby,N/A
FoodShare,SL6 1LL,www.foodshare.charity,N/A,@FoodbankBerks
Foothold Cymru,SA14 9RA,www.footholdcymru.org.uk,@FootholdCymru,@footholdcymru
Frank Moran Centre (Milton Keynes Food Bank),MK3 6PA,mkfoodbank.org.uk/,@MKFoodBank,N/A
Freedom Community Project,S44 6LY,N/A,N/A,N/A
Fresh,SK3 8LX,N/A,N/A,N/A
Fresh,SK3 0RJ,N/A,N/A,N/A
Fresh,SK3 8QJ,N/A,N/A,N/A
Fresh,SK3 8LQ,N/A,N/A,N/A
Fresh,SK8 2JF,N/A,N/A,N/A
Fresh,SK5 8HH,N/A,N/A,N/A
Friends of Eastwoods Park,NE42 5DT,N/A,@MinersLampCafe,N/A
Friends of Isaacs Food Bank,B98 7RP,www.teamisaac.co.uk,@FriendsofIsaacsFoodBank,N/A
Friends of Isaacs Food Bank,B97 6HX,www.teamisaac.co.uk,@FriendsofIsaacsFoodBank,N/A
Friends of meadowside cic,WA2 8AP,www.friendsofmeadowside.org/,N/A,N/A
Friends of meadowside cic,WA2 9EP,www.friendsofmeadowside.org/,N/A,N/A
Friends of the Homeless (Fareham Basics Bank),PO16 7XU,www.friendsofmeadowside.org/,@FarehamandGosportBasicsBank,N/A
Friends of the Homeless (Gosport Basics Bank),PO12 1FQ,www.friendsofmeadowside.org/,@FarehamandGosportBasicsBank,N/A
Fusion Housing,WF12 8DJ,www.fusionhousing.org.uk,N/A,@FusionHousing1
Galashiels and District Foodbank,TD1 3HS,Galashielsfoodbank.co.uk,N/A,N/A
Gillingham Street Angels,ME7 1LG,www.thestreet-angels.org,N/A,@thestreetangel2
Glasgow Vineyard,G11 6PW,www.glasgowvineyard.org,N/A,@GlasgowVineyard
Glastonbury & Street Bridging the Gap Foodbank,BA6 8BS,www.together.ourchurchweb.org.uk/glastonbury/churches/foodbank/,www.facebook.com/Glastonbury-Bridging-the-Gap-the-Foodbank-for-Glastonbury-Street-103079174382642/,N/A
Globe Community & Fitness Activities Centre,M16 7QB,www.globecentre.org.uk,N/A,@GlobeManchester
Glossopdale Foodbank,SK13 0LU,www.glossopdalefoodbank.org.uk,@glossopdalefoodbank,N/A
Glossopdale Foodbank,SK13 8HZ,www.glossopdalefoodbank.org.uk,@glossopdalefoodbank,N/A
Glossopdale Foodbank,SK13 2DW,www.glossopdalefoodbank.org.uk,@glossopdalefoodbank,N/A
Goldhill Play Association Limited,LE2 6TL,www.goldhilladventureplayground.org,@goldhillplay,@goldhillplay
Govan Community Project,G51 3UU,www.govancommunityproject.org.uk,@govancommunityproject,@GovanCP
Grace Church Family,AB31 5ZU,www.gracechurchfamily.com,@gracechurchfamily,N/A
Grace Church Family,AB31 5ZU,www.gracechurchfamily.com,@gracechurchfamily,N/A
Grace Church Family,AB31 5ZU,www.gracechurchfamily.com,@gracechurchfamily,N/A
Grace Church Family,AB31 5ZU,www.gracechurchfamily.com,@gracechurchfamily,N/A
Grace Church Family,AB31 5ZU,www.gracechurchfamily.com,@gracechurchfamily,N/A
Grace Church Family,AB31 5ZU,www.gracechurchfamily.com,@gracechurchfamily,N/A
Grace Food Bank Sheffield,S8 7JB,www.gracefoodbanksheffield.org.uk,@GraceFoodBankSheffield,N/A
Granville Community Kitchen,NW6 5HE,www.granvillecommunitykitchen.org.uk/,N/A,@GranComKitchen
Great Linford Paris Office (Milton Keynes Food Bank),MK14 5HA,www.mkfoodbank.org.uk/,@MKFoodBank,@mkfoodbank
GroundWork East,LU1 4BH,www.groundwork.org.uk/sites/east,@GroundworkEast,@groundworkuk
Growing Faith in Community,M12 5WF,N/A,N/A,N/A
Hackney Church (Homerton Food Bank),E9 6RT,www.saint.church/lighthouse/,N/A,@hackneychurch_
Hackney Church (Leyton Food Bank),E10 5JP,www.saint.church/lighthouse/,N/A,@hackneychurch_
Hambleton FoodShare (Northallerton),DL7 8NS,www.hambletonfoodshare.org.uk,N/A,@HFoodshare
Harehills lane baptist church,LS8 4HE,www.hlbc.org.uk/,@harehillslanebc,@LaneBaptist
Harvesters' Soup Kitchen,E2 8AN,N/A,N/A,N/A
Hasi Humanitarian Organisation Ltd,N9 9UJ,www.hasifoundation.org,@HasiFoundationUKBD,@FoundationHasi
Healthy Living Platform,SW9 7AA,www.healthylivingplatform.org,@TheHealthyLivingPlatform,@LivingPlatform
Healthy Living Platform,SW9 6FZ,www.healthylivingplatform.org,@TheHealthyLivingPlatform,@LivingPlatform
Healthy Living Platform,SW8 1XY,www.healthylivingplatform.org,@TheHealthyLivingPlatform,@LivingPlatform
Healthy Living Platform,SW9 8QT,www.healthylivingplatform.org,@TheHealthyLivingPlatform,@LivingPlatform
Healthy Living Platform,SW9 6PH,www.healthylivingplatform.org,@TheHealthyLivingPlatform,@LivingPlatform
Healthy Me Healthy Communities (Anson),M13 0TR,www.hmhc.co.uk,@HMHCmcr,@HMHCmcr
Healthy Me Healthy Communities (Gorton),M18 8PE,www.hmhc.co.uk,@HMHCmcr,@HMHCmcr
Healthy Me Healthy Communities (Hulme),M15 6AX,www.hmhc.co.uk,@HMHCmcr,@HMHCmcr
Healthy Me Healthy Communities (Miles Platting),M40 7DD,www.hmhc.co.uk,@HMHCmcr,@HMHCmcr
Heart of Braehead Community Group,FK7 7QW,N/A,N/A,N/A
Hearts and Hands Stafford,ST17 4LY,www.heartsandhands-stafford.co.uk,N/A,N/A
Hebburn Helps,NE31 1QY,www.hebburnhelps.co.uk,N/A,@hebburnhelps
Hedge End Food Centre,SO30 4BZ,N/A,N/A,N/A
Hedgerows Family Centre (Milton Keynes Food Bank),MK6 4NP,www.mkfoodbank.org.uk/,@MKFoodBank,N/A
Helensburgh & Lomond Foodbank,G84 0RJ,N/A,N/A,N/A
Helensburgh & Lomond Foodbank,G84 7DQ,www.helensburghlomondfoodbank.org/,N/A,N/A
Helping the Homeless,ME1 2DR,www.helpingthehomeless.org.uk/,@OBFHTH,@onebigfamilyHTH
Hemsworth Food Pantry,WF9 4AT,N/A,@hemsworthfoodbank,N/A
Hereford Food Bank,HR1 2DX,www.herefordfoodbank.co.uk/,N/A,@BankHereford
High Peak Foodbank @ Zink,SK17 6LJ,www.zink.org.uk,www.facebook.com/High-Peak-Foodbank-1517378881863212/,@highpeakfoodbnk
Highams Park Food Aid,E4 9QZ,www.hphub.co.uk,@HPFoodHub,@HighamsHub
Highwayhope,M12 4QW,www.Highwayhope.co.uk,@www.highhope.co.uk,@Highwayhope_
Himmah,NG7 4EX,N/A,N/A,@Himmah_Notts
Hive Hope,DA11 9EQ,www.hivehope.btck.co.uk,N/A,N/A
Hive Hope,DA11 0RB,www.hivehope.btck.co.uk,N/A,N/A
Hive Hope,DA12 1HJ,www.hivehope.btck.co.uk,N/A,N/A
Hive Hope,DA11 9EU,www.hivehope.btck.co.uk,N/A,N/A
Holbeach Community Larder & Cafe,PE12 7LL,www.allsaintsholbeach.org.uk/community-larder/,@allsaintsholbeach,N/A
Holbeck Food Bank,LS11 0AB,www.holbeckfoodbank.org.uk/,N/A,N/A
Hollymoor Community Church,B31 5ER,N/A,@HollymoorCommunityChurch,@HollymoorChurch
"Holy Trinity Church, Wester Hailes",EH14 2SL,www.holytrinitywesterhailes.org.uk,N/A,N/A
Homeless Birmingham CERTUK,B45 0EE,N/A,@homelessbirminghamCERTUK,N/A
Homeless Pembrokeshire,SA61 2DJ,www.amandashomelesspembrokeshire.co.uk,www.facebook.com/groups/153866475371551/?ref=bookmarks,N/A
Homeschool Social Enterprise/ Active Christians,WS10 0GB,www.activechristians.org.uk,@ATVChristians,@ATVChristians
Hope Church Hounslow - Good Shepherds,TW4 6HJ,www.hopehounslow.org.uk,N/A,N/A
Hope Church Hounslow - St Paul's,TW3 3DA,www.hopehounslow.org.uk,N/A,N/A
Hope Church Luton Trust,LU2 7NT,www.hopechurch.co.uk,@hopechurchluton,N/A
Hope Family Arbourthorne,S2 2AN,www.welovearbourthorne.co.uk,www.facebook.com/hopefamilyarbourthorne/,N/A
Hope Food - North Birmingham,B75 5ED,N/A,@hopefoodnorthbirmingham,N/A
Hope Food - North Birmingham,B23 7JH,N/A,@hopefoodnorthbirmingham,N/A
Hope Food - North Birmingham,B75 7LB,N/A,@hopefoodnorthbirmingham,N/A
Hope for Belper,DE56 1BA,www.hopeforbelper.com/,@hopeforbelper,N/A
Hope Kitchen,PA34 4HU,www.hopekitchen.org.uk,N/A,N/A
Hopeworx,SS6 7XJ,www.hopeworx.org.uk,N/A,N/A
Hornsey Food Bank,N8 7JN,www.hornseyfoodbank.com,@HornseyFoodBank,@HornseyFoodBank
Horwich Foodshare,BL6 7UE,N/A,@mycommuntysupport,N/A
Hound Basics Food Bank,SO31 5EA,www.houndbasics.org.uk,@houndbasics,N/A
House of Bread,ST18 0GB,www.hobstafford.co.uk,@h.o.b.stafford,@hobstafford
House of Judah Church,CR0 3PB,www.houseofjudah.org.uk/,N/A,N/A
HTFoodbank [Holy Trinity Foodbank],N4 4RR,www.holytrinityfoodbank.org.uk/,N/A,N/A
Humanity First Food Bank,WF14 8AB,N/A,N/A,@HFFoodbanks
Humans MCR,M9 6FQ,www.humansmcr.org,@humansmcr,@HumansMCR
Hungry Hearts for the Homeless,ME15 6YH,N/A,@hungryheartsforthehomeless,N/A
Huntingdonshire Community Group,PE29 1PE,N/A,N/A,N/A
Hurst Green Community Fridge,RH8 0LB,N/A,N/A,N/A
Ibijoke Children Foundation UK,L7 0JA,www.ibijokefoundation.co.uk/,@ibijokefoundationuk,@ibijoke_cf
Impakt Food,MK40 1LQ,www.impakt.org.uk/food/,@IMPAKTfood,@IMPAKTorg
Independence Initiative Limited,L20 7EJ,www.independenceinitiative.org,@TheIndyPantry,@IndyPantry
Inspiring Grace,BB9 8SG,www.inspiringgrace.co.uk,www.facebook.com/Inspiring-Grace-337808346304119/,@inspringgrace
Instant Neighbour,AB24 3YJ,www.instantneighbour.co.uk/,N/A,@InstNeighbour
Islamic Culture & Education Centre Battersea,SW11 2PF,www.icecbattersea.org.uk/icec-food-bank/,N/A,N/A
Jacobs Well Care Centre charity number (1104075),PO12 4UZ,www.jacobswellcarecentre.co.uk,N/A,N/A
Jedburgh Food Bank,TD8 6AS,N/A,@JedburghChurchesFoodbank,N/A
Jedidiah UK,MK18 1BP,www.jedidiah.org.uk,N/A,N/A
Jedidiah UK,SG14 1AJ,www.jedidiah.org.uk,N/A,N/A
Jubilee Storehouse,SY23 1RY,N/A,@JubileeStorehouse,N/A
Junction 7,DL5 7DZ,N/A,Junction 7,N/A
Kairos Ministries Centre,B70 8LU,N/A,N/A,N/A
Katakata,SW2 1RS,www.facebook.com/KatakataBrixtonHill/,N/A,N/A
Kate's Kitchen,DG12 6AN,www.kateskitchen.org,N/A,N/A
Kersiebank Community Project,FK3 9EF,N/A,@KersiebankCP,@KersiebankCP
Kettering Foodbank,NN16 0DG,www.ketteringfoodbank.org,@ketteringfoodbank,N/A
Kincardine Community Association Ltd,FK10 4SF,N/A,N/A,@FifeVolAction
King's Communtiy Centre (Milton Keynes Food Bank),MK12 5LY,www.mkfoodbank.org.uk/,www.facebook.com/MKFoodBank,N/A
King's Table Great Sankey (King's Church Warrington),WA5 1JH,www.kingschurchwarrington.co.uk,@kingschurchwarrington,@kingschurchwarr
King's Table Orford (King's Church Warrington),WA2 9UE,www.kingschurchwarrington.co.uk,@kingschurchwarrington,@kingschurchwarr
King's Table Whitecross (King's Church Warrington),WA5 1NZ,www.kingschurchwarrington.co.uk,@kingschurchwarrington,@kingschurchwarr
Kingsbridge Area Food Bank,TQ7 1ND,www.kingsbridgefoodbank.org.uk,@KingsbridgeFoodbank,N/A
Kintyre Food Bank,PA28 6TP,N/A,@kintyrefoodbank,N/A
Kirkcaldy Food Bank,KY1 1TE,N/A,N/A,@kdyfoodbank
Kirkcaldy Food Bank,KY2 6LF,N/A,N/A,@kdyfoodbank
Kirkcaldy Food Bank,KY3 0BN,N/A,N/A,@kdyfoodbank
Kirkcaldy Food Bank,KY1 1XT,N/A,N/A,@kdyfoodbank
Kirkcaldy Food Bank,KY1 3BW,www.kirkcaldyfoodbank.org.uk,@kirkcaldy.foodbank,@kdyfoodbank
Kirriemuir Food Hub,DD8 4EJ,N/A,@kirriefoodhub,N/A
KLSB Community Group,FK5 4HE,Www.klsb.org.uk,@klsbgroup,@klsbgroup
Knighton & Presteigne Foodbank,LD7 1EY,www.knightonfoodbank.co.uk,N/A,N/A
L'chaim Food Bank,M7 4LN,www.lchaimfoodbank.co.uk,@lchaimfoodbank,N/A
Lambeth Larder,SW9 7QD,www.lambethlarder.org,@LambethLarder,@LambethLarder
Lammermuir Larder,EH41 3NB,www.lammermuirlarder.co.uk,@thelammermuirlarder,N/A
Lampeter Food Project,SA48 7BN,N/A,@lampeterfoodbank,N/A
Lancashire First,BB11 2DJ,www.lancashirefirst.org,@lancashirefirst,N/A
Largs Food Bank,KA30 8BL,N/A,@LargsFoodbank,N/A
Launch Foods,G2 6PH,www.launchfoods.org,N/A,N/A
Lea Road Church Community Food Project,WV3 0LW,www.learoadurc.org.uk/,@Learoadfood,N/A
Ledbury Food Bank,HR8 1AR,www.ledburyfoodbank.org/,@ledburyfoodbank,N/A
Legendary Community Club,SE26 6AD,N/A,@LegendaryCClub,N/A
Leighton Linslade Helpers,LU7 1DH,www.leightonlinsladehelpers.org.uk/,@leightonlinsladehelpers,N/A
Leominster Community Larder and Food Bank,HR6 8EQ,www.leominsterfoodbank.org,@Leominsterfoodbank,N/A
Lifeafterhummus Community Benefit Society,NW1 1ES,www.lifeafterhummus.com/,@lifeafterhummus,@lifeafterhummus
Lifeshare,M1 1EB,www.lifeshare.org.uk,@lifeshareuk,N/A
Lighthouse project at SAINT church,E15 3HU,www.saint.church/lighthouse/,N/A,N/A
Lighthouse project at SAINT church,E10 5JP,www.saint.church/lighthouse/,N/A,N/A
Lighthouse project at SAINT church,E9 6RT,www.saint.church/lighthouse/,N/A,N/A
Lincoln Community Larder - All Satnts Church,LN8 5RF,www.lincolnlarder.co.uk/,N/A,N/A
Lincoln Community Larder - Martin Village Hall,LN2 3QY,www.lincolnlarder.co.uk/,N/A,N/A
Lincoln Community Larder - St Giles Methodist Church,LN2 4LQ,www.lincolnlarder.co.uk/,N/A,N/A
Lincoln Community Larder - St John The Baptist Parish Church Hall,LN2 2EF,www.lincolnlarder.co.uk/,N/A,N/A
"Lincoln Community Larder - St Mary's Church, Welton",LN2 3HZ,www.lincolnlarder.co.uk/,N/A,N/A
Lincoln Community Larder - YMCA Annex,LN2 5AR,www.lincolnlarder.co.uk/,N/A,N/A
Liphook Food Bank,GU30 7QE,www.liphookfoodbank.com/,@LiphookFoodBank,N/A
Littleport Independent Foodbank,CB6 1PS,N/A,N/A,N/A
Living Hope Food Bank,S42 5TA,www.alccholmewood.com/living-hope,N/A,N/A
Living Well,SE20 7LX,www.livingwell.life,@livingwellbromleyfoodbank,@LWBromley
Loaves and Fishes Foodbank East Kilbride,G75 0XS,www.loavesandfishesek.com,@loavesandfishesfoodbankek,N/A
Lochaber Foodbank,PH33 6EU,www.lochaberfoodbank.org,@lochaberfoodbank,N/A
Love Glastonbury,BA6 9EL,N/A,@LoveGlastonburyCommunity,N/A
LOVE Gorgie,EH11 2LA,N/A,@LOVEGorgieFarm,N/A
Love: North Wales Community Help & Support,LL18 5UZ,N/A,www.facebook.com/groups/681383602667117/,@_LoveNorthWales
Lovechurch,BH1 3ED,www.lovechurch.org.uk,@Lovechurch,N/A
Ludlow Food Bank,SY8 1SX,www.strettonparish.org.uk,N/A,N/A
Luton Foodbank,LU3 3QB,www.lutonfoodbank.org.uk/,@LutonFoodbank,@LutonFoodbank
Luton Foodbank,LU1 3HZ,www.lutonfoodbank.org.uk/,@LutonFoodbank,@LutonFoodbank
Luton Foodbank,LU1 1TB,www.lutonfoodbank.org.uk/,@LutonFoodbank,@LutonFoodbank
Luton Foodbank,LU1 2RD,www.lutonfoodbank.org.uk/,@LutonFoodbank,@LutonFoodbank
Luton Foodbank,LU2 0JD,www.lutonfoodbank.org.uk/,@LutonFoodbank,@LutonFoodbank
Luton Foodbank,LU2 0JD,www.lutonfoodbank.org.uk/,@LutonFoodbank,@LutonFoodbank
Luton Foodbank,LU2 0JD,www.lutonfoodbank.org.uk/,@LutonFoodbank,@LutonFoodbank
Machars Churches Basics Food Bank,DG8 6EL,N/A,@macharsbasicsfoodbank2012,N/A
Making Dundee Home (JustBeeProductions),DD1 4EH,www.justbeeproductions.co.uk,@justbeeproductions,@justbeeingyou
Maldon Food Pantry,CM9 5DB,N/A,N/A,N/A
Manchester Gambia Support Network (MGSN),All Postcodes in Greater Manchester,www.mgsn.co.uk/,N/A,N/A
Manchester Refugee Support Network,M14 4RB,http://mrsn.org.uk/,@MRSNManchester,N/A
Manna Food Bank,AL10 0JJ,N/A,N/A,N/A
Margate Independent Foodbank CIC and MICommunity Shop Margate,CT9 1DL,N/A,@margateindependentfoodbank,N/A
Marsh Community Centre,LA1 5PP,www.marshcommunitycentre.org.uk,N/A,@MarshCommunity
Mayflower Tenants Association,SE16 7JP,N/A,N/A,N/A
MCKS Food Pantry,RG21 7SY,www.mcksfoodpantry.com,N/A,N/A
Meals Collective,G40 2DD,N/A,@mealscollective,N/A
Melvin Hall Community Group,SE20 8EU,N/A,@friendsofmelvinhall,
Meon Valley Food Bank,PO17 5AL,www.meonvalleyfoodbank.co.uk,,@MeonValleyFB
Micah Liverpool,L1 5JN,www.micahliverpool.com,@MicahLiverpool,@MicahLiverpool
Micah Liverpool,L8 7LT,www.micahliverpool.com,@MicahLiverpool,@MicahLiverpool
Millfield Community Fridge,PE1 2LY,www.opendoorhs.org.uk/millfield-community-fridge,N/A,N/A
Milton Keynes Christian Centre (Milton Keynes Food Bank),MK6 2TG,www.mkfoodbank.org.uk/,@MKFoodBank,N/A
Ministery The Glory of Shaddai,SW4 7NN,N/A,N/A,N/A
Mission Trinity,DN14 5QL,www.missiontrinity.org,N/A,N/A
Montrose Food Hub,DD10 8JG,N/A,@MontroseFoodHub,N/A
Moorlands Family Centre (Milton Keynes Food Bank),MK6 4LP,www.mkfoodbank.org.uk/,@MKFoodBank,N/A
Moray Food Plus,IV30 1DJ,www.morayfoodplus.org.uk,@MorayFoodPlus,@MorayFoodPlus
Mosaic Food Bank,LE3 8BG,www.mosaicchurch.org.uk,@mosaicchurchleic,N/A
Motherwell Food Bank @ Maranatha,ML1 1TT,www.clydevalleychurch.com/,@MotherwellFoodBankMaranatha,N/A
My 2nd Chance,SE14 5DJ,www.my2ndchance.co.uk,@my2ndchanceMH,@my2ndchance
Nailsea Community Group,BS48 1RQ,N/A,@NailseaCommunityGroup,N/A
Neema Women Community,B12 8LF,www.neemawomen.com,N/A,N/A
Neema Women Community,B29 7EL,www.neemawomen.com,N/A,N/A
Neo Community,CH42 3YN,www.neocommunity.org.uk/,N/A,N/A
Neruka's Soup Kitchen,LS8 5ES,N/A,N/A,N/A
New beginnings - Improving Lives CIC,L6 4BB,www.nbil-community.org,N/A,@beginningsi
New Forest Basics Bank,SO41 9BR,www.basicsbank.org.uk,N/A,N/A
New Life Church - The Storehouse Foodbank,CW12 4EY,www.nlchurch.org.uk,N/A,N/A
New Mills Helping Hands,SK22 3BY,www.new-mills-helping-hands-group.co.uk,@newmillshelpinghandsnewmillsfoodbank,@NewMillsFBank
Newham FoodBank,E13 9LB,www.newhamfoodbank.org.uk,N/A,@newhamfoodbank2
Newham FoodBank,E12 6HR,www.newhamfoodbank.org.uk,N/A,@newhamfoodbank3
Newham FoodBank,E13 8NF,www.newhamfoodbank.org.uk,N/A,@newhamfoodbank4
Newham FoodBank,E16 2JB,www.newhamfoodbank.org.uk,N/A,@newhamfoodbank5
Newham FoodBank,E13 8QB,www.newhamfoodbank.org.uk,N/A,@newhamfoodbank6
Newham FoodBank,E6 5YA,www.newhamfoodbank.org.uk,N/A,@newhamfoodbank1
Newmarket Open Door,CB8 0BW,www.newmarketopendoor.org.uk,N/A,N/A
NewStarts,B45 0JA,https://www.newstarts.org.uk,N/A,@N_ewStarts
NewStarts,B60 3DR,https://www.newstarts.org.uk,N/A,@N_ewStarts
NGC Community Hub,NG6 0JU,https://www.ngcnottingham.com/ngchub,N/A,N/A
Nightwatch,CR8 2QA,croydonnightwatch.org.uk,N/A,@WeAreNightwatch
Noah's Ark Food Bank,ME5 9QG,N/A,N/A,N/A
Noah's Ark Food Bank,E17 9AH,N/A,N/A,N/A
North Oxfordshire Community Food Bank,OX5 2DS,www.northoxfordshirecommunityfoodbank.org.uk/,N/A,N/A
North Oxfordshire Community Food Bank,OX7 5LL,www.northoxfordshirecommunityfoodbank.org.uk/,N/A,N/A
North Oxfordshire Community Food Bank,OX20 1TF,www.northoxfordshirecommunityfoodbank.org.uk/,N/A,N/A
North Paddington Food Bank,W9 2AR,www.npfoodbank.org.uk,N/A,@NPFoodbank
Northampton Hope Centre,NN1 3DS,www.northamptonhopecentre.org.uk/,N/A,@NptonHopeCentre
Nourish Community Foodbank,TN2 3UP,www.nourishcommunityfoodbank.org.uk,N/A,N/A
Oak Grover Parish Council Office (Milton Keynes Food Bank),MK10 9SG,www.mkfoodbank.org.uk/,@MKFoodBank,N/A
Okehampton Community Kitchen CIC,EX20 1AS,N/A,@okehamptoncommunitykitchen,@OkeKitchen
Oldmeldrum Community Pantry,AB51 0AA,N/A,N/A,N/A
Olive Branch Aid,SW11 5QR,www.stnectarios.co.uk,@SaintNectariosLondon,N/A
One Can Trust,HP13 6EB,www.onecantrust.org.uk/,@OneCanTrust2,@Onecan_trust
Our Kitchen on the isle of Thanet (CIC),CT9 1DX,www.ourkitchenontheisleofthanet.org.uk,@OurKitchenThanet,@ourkitchenthanet
Our Kitchen on the isle of Thanet (CIC),CT12 6AQ,www.ourkitchenontheisleofthanet.org.uk,@OurKitchenThanet,@ourkitchenthanet
Over 50's Foodbank,BL6 7TD,N/A,@mycommunitysupport,N/A
Over 55 Tuesday Mixer Club,ST17 4LY,N/A,N/A,N/A
Oxford Mutual Aid,OX4 1UR,www.oxfordmutualaid.org,@oxfordmutualaid,@oxfordmutualaid
Pan Together,PO30 2AX,www.pantogether.org.uk,@pantogether,N/A
Pantry Food Bank,SA8 4HD,www.pantryfoodbank.org,@PANTRYponty,@PantryPonty
Paston Farm Community Foundation,PE4 7XB,N/A,@pastonfarmcommunityfoundation,N/A
PATCH - Pembrokeshire Action to Combat Hardship,SA72 6TD,www.patchcharity.org.uk,N/A,N/A
PATCH - Pembrokeshire Action to Combat Hardship,SA68 0YH,www.patchcharity.org.uk,N/A,N/A
PATCH - Pembrokeshire Action to Combat Hardship,SA61 1QE,www.patchcharity.org.uk,N/A,N/A
PATCH - Pembrokeshire Action to Combat Hardship,SA61 1QE,www.patchcharity.org.uk,N/A,N/A
PATCH - Pembrokeshire Action to Combat Hardship,SA70 7HU,www.patchcharity.org.uk,N/A,N/A
Pendle Food For All,BB9 8EL,,N/A,N/A
People Matter,EX15 1JX,www.standrewscullompton.com/getting-involved/serving-others/people-matter/,N/A,N/A
People without labels,G40 1PE,www.thespacescotland.org,N/A,N/A
Poitiers Care,SO40 7DU,N/A,N/A,N/A
Pollokshields Community Food Point,G41 1NY,www.pollokshieldsfoodpoint.org,www.facebook.com/groups/233786887753803/?mibextid=HsNCOg,@pollokshieldsc1
Pontarddulais Partnership,SA4 8PA,N/A,@canolfanybont.org,N/A
Porch Boxes,M26 4LN,www.porchboxes.wordpress.com/,@porchboxes,@PorchBoxes
Port Grocery,CH65 0AB,N/A,N/A,N/A
Preen Community Interest Company,SG18 0BP,www.preencic.org,@preencic,N/A
"Proactive Communities, an arm of Blairgowrie and Rattray Development Trust",PH10 6NQ,N/A,N/A,N/A
Provide Devon,PL5 3LS,www.providedevon.org.uk,@providedevon,DevonProvide
Purley Food Hub,CR8 2LN,www.purleyfoodhub.net/,N/A,N/A
PXI Parson Cross Initiative Projects,S5 8NJ,www.pxiprojects.wordpress.com/,@pxiprojects,N/A
Quaker Social Action,EC1V 8AJ,www.quakersocialaction.org.uk/we-can-help/homelessness-housing/cook,N/A,@QSA
Quaker Social Action,E14 7AW,www.quakersocialaction.org.uk/we-can-help/homelessness-housing/cook,N/A,@QSA
Queens Park Govanhill Parish Church Foodbank,G42 8QZ,www.qpgparish.wordpress.com/food-bank/,N/A,N/A
Rackets Cubed - Roehampton Community Box,SW15 4LJ,www.racketscubed.com,N/A,N/A
Radcliffe waste savers food bank,M26 3RS,N/A,N/A,N/A
Rainbow Junktion,LS6 1NP,www.allhallowsleeds.org/rainbow-junktion,@rainbowjunktion,N/A
Rccg New Wine Assembly UK,E6 6EJ,N/A,@rccgnewwineassembly,N/A
RCV UK,NP11 6BW,www.rcvuk.org,@RiscaCV19Volunteers,@riscaV
Re:store Northampton,NN1 2LZ,www.restorenorthampton.org.uk,@restorenpton,@RestoreNpton
Re:store Northampton,NN3 6BQ,www.restorenorthampton.org.uk,@restorenpton,@RestoreNpton
Re:store Northampton,NN4 8SX,www.restorenorthampton.org.uk,@restorenpton,@RestoreNpton
Re:store Northampton,NN4 8EZ,www.restorenorthampton.org.uk,@restorenpton,@RestoreNpton
Re:store Northampton,NN3 2RA,www.restorenorthampton.org.uk,@restorenpton,@RestoreNpton
Re:store Northampton,NN5 6JF,www.restorenorthampton.org.uk,@restorenpton,@RestoreNpton
ReadiFood (Faith Christian Group),RG2 0NH,www.readifood.org.uk,@ReadiFood,N/A
Red Lodge Lightwave,IP28 8GF,www.lightwavemission.org/,N/A,N/A
Resolven Building Blocks,SA11 4AB,www.buildingblocksfamilycentre.co.uk,www.facebook.com/groups/139635592206/,@BBFamilyCentre
Restore Hope,HP5 1TU,www.restorehopelatimer.org,@restorehopelatimer,N/A
Reverse The Trend Foundation,E3 2AB,www.reversethetrend.org.uk,N/A,N/A
Reverse The Trend Foundation,E1 4PZ,www.reversethetrend.org.uk,N/A,N/A
Reverse The Trend Foundation,E16 3ET,www.reversethetrend.org.uk,N/A,N/A
Reverse The Trend Foundation,E5 0BT,www.reversethetrend.org.uk,N/A,N/A
Reverse The Trend Foundation,SE8 5RJ,www.reversethetrend.org.uk,N/A,N/A
Reverse The Trend Foundation,NW10 5YT,www.reversethetrend.org.uk,N/A,N/A
Rhayader District and Community Support,LD6 5AB,www.thearchesrhayader.com,N/A,N/A
Riverside Storehouse (part of Riverside Vineyard Church),TW13 7LX,www.riversidevineyard.com/storehouse,N/A,N/A
RMUK Wellbeing Community Interest Company,SE12 0ST,N/A,@rmukwellbeing,N/A
Rokzkool Academy (SCIO),IV4 7EH,www.rokzkoolacademy.org,N/A,N/A
Rokzkool Academy (SCIO),IV3 8HE,www.rokzkoolacademy.org,N/A,N/A
Rowans Family Centre (Milton Keynes Food Bank),MK11 2BD,www.mkfoodbank.org.uk/,@MKFoodBank,N/A
Royal Oak Community Centre (Food Pantry),M23 1DU,N/A,N/A,N/A
S20 Food Bank,S20 8NF,N/A,@s20foodbank,N/A
Sadaka,RG6 7BH,www.sadakagives.org.uk,@SadakaGives,@SadakaGives
Saint Joseph's Community Connect Food Bank.,LL29 7LG,N/A,@stjoesccfoodbank,N/A
Saint Vincent de Paul Society (St Mary's Cathedral),AB10 1SH,www.stmaryscathedralaberdeen.org/groups/groups-2/non-liturgical/st-vincent/,@stmaryscathedralaberdeenl,N/A
Salma Food Bank,B66 1QG,www.salma-foodbank.org,N/A,N/A
Saltburn Solidarity,TS12 1BH,www.saltburnsolidarity.org.uk,@saltburnsolidarityfoodbank,@sburnfoodbank
Sandbach Food Bank,CW11 1DS,www.sandbachmethodist.org.uk/homeb.html,N/A,N/A
Second Chance Charity,ME4 4DH,www.2ndchancemedway.org,N/A,N/A
Selkirk foodbank,TD7 5BL,N/A,N/A,N/A
Sevenoaks Larder,TN13 1QJ,www.sevenoakslarder.co.uk,@SevenoaksLarder,N/A
Share Alike,G74 1LQ,www.shareitpreston.org.uk,@shareitpreston,N/A
Share IT!,PR2 3XA,www.shareitpreston.org.uk,@shareitfoodbank,N/A
Sharing Life Trust,OX9 3UH,www.sharinglifetrust.org,@sharinglifetrust,N/A
Sharlston Foodbank,WF4 1EJ,N/A,www.facebook.com/groups/3403884776391088/,N/A
Sherborne Food Bank,DT9 4DU,www.sherbornefoodbank.org,@FeedSherborne,N/A
Shipshape Health and Wellbeing,S11 8AE,www.shipshape.org.uk,N/A,N/A
Shiva Trust,BB4 9RB,www.shivatrust.org/,N/A,N/A
Shiva Trust,BB4 8DY,www.shivatrust.org/,N/A,N/A
Shop and Donate CIC,SW1V 1TA,www.shopanddonate.org/,N/A,@shopanddonateuk
Shoreline Church Food Bank,PR9 0TS,www.shorelinechurch.org.uk,N/A,N/A
Single Parents Support and Advice Services,S70 1SN,www.singleparentssupportandadviceservices.co.uk,@singleparentssupportandadviceservices,@singleparentsup
Skelmersdale Community Food Initiative,WN8 8AZ,N/A,@skelmersdalecommunity.foodinitiative,N/A
Sketty Foodbank,SA2 9HQ,N/A,N/A,N/A
Skipton Food Bank,BD23 2JE,www.skiptonfoodbank.org,N/A,N/A
Slawa Birmingham,B23 5GY,www.slawa.org.uk,N/A,N/A
Sleaford New Life Community Larder,NG34 7JP,www.nlcm.org.uk/community-larder,@newlife.conferencecentre,@SleafordNewLife
Soar Valley Community Food Project,LE12 8PL,N/A,www.facebook.com/Soar-Valley-Community-Food-Project-105892014873897,N/A
Soar Valley Community Food Project,LE4 3LH,N/A,www.facebook.com/Soar-Valley-Community-Food-Project-105892014873898,N/A
Soar Valley Community Food Project,LE12 7AJ,N/A,www.facebook.com/Soar-Valley-Community-Food-Project-105892014873899,N/A
Soar Valley Community Food Project,LE12 7NE,N/A,www.facebook.com/Soar-Valley-Community-Food-Project-105892014873900,N/A
Soar Valley Community Food Project,LE7 2JS,N/A,www.facebook.com/Soar-Valley-Community-Food-Project-105892014873901,N/A
Soar Valley Community Food Project,LE7 7LJ,N/A,www.facebook.com/Soar-Valley-Community-Food-Project-105892014873902,N/A
Soar Valley Community Food Project,LE7 7AF,N/A,www.facebook.com/Soar-Valley-Community-Food-Project-105892014873903,N/A
Soar Valley Community Food Project,LE4 8ED,N/A,www.facebook.com/Soar-Valley-Community-Food-Project-105892014873904,N/A
Social Echo North Huntingdonshire,PE7 3AT,www.socialecho.uk,N/A,N/A
Solar Project,PA77 6UZ,N/A,N/A,N/A
Soul Foundation,NR6 6RF,www.soulfoundation.org.uk,@soulfoundation,@SoulFoundation
South Kirkby Foodbank,WF9 3EG,N/A,N/A,N/A
South Norwood Babtist Foodbank,SE25 6TY,www.southnorwoodbaptist.org,@SouthNorwoodBaptistChurch,@southnorwoodbc
South Norwood Community Kitchen,SE25 4PQ,www.southnorwoodcommunitykitchen.co.uk,N/A,@norwoodkitchen
Southampton City Mission - Basics Bank,SO15 5LG,www.southamptoncitymission.co.uk,@SouthamptonCityMission,@SCM_chirps
Southampton City Mission - Basics Bank,SO18 1HZ,www.southamptoncitymission.co.uk,@SouthamptonCityMission,@SCM_chirps
Southampton City Mission - Basics Bank,SO16 8HY,www.southamptoncitymission.co.uk,@SouthamptonCityMission,@SCM_chirps
Southampton City Mission - Basics Bank,SO18 1NP,www.southamptoncitymission.co.uk,@SouthamptonCityMission,@SCM_chirps
Southampton City Mission - Basics Bank,SO19 8ES,www.southamptoncitymission.co.uk,@SouthamptonCityMission,@SCM_chirps
Southampton City Mission - Basics Bank,SO14 7FE,www.southamptoncitymission.co.uk,@SouthamptonCityMission,@SCM_chirps
Southampton City Mission - Pantry,SO16 9HL,www.southamptoncitymission.co.uk,@SouthamptonCityMission,@SCM_chirps
Southampton City Mission - Pantry,SO14 1AQ,www.southamptoncitymission.co.uk,@SouthamptonCityMission,@SCM_chirps
Southampton City Mission - Pantry,SO18 2FH,www.southamptoncitymission.co.uk,@SouthamptonCityMission,@SCM_chirps
Southway Housing Trust,M20 2SN,www.southwayhousing.co.uk,www.facebook.com/southwayhousing,N/A
Spotlight Centre (Milton Keynes Food Bank),MK2 3QR,www.mkfoodbank.org.uk/,@MKFoodBank,N/A
Spring Community Hub,SE5 8LU,www.cschub.co.uk,N/A,@CSCHub161
Spring Community Hub (Foursquare Church),SE17 1RW,www.cschub.co.uk,N/A,@CSCHub161
Spring Community Hub (New Covenant Church),SE1 5BA,www.cschub.co.uk,N/A,@CSCHub161
Spring Community Hub (St Pauls Church),SE17 3QU,www.cschub.co.uk,N/A,@CSCHub161
St Aidan's Church Leeds -Food Share,LS8 5DQ,www.staidan-leeds.org.uk,N/A,N/A
St Alban's Foodbank,SE25 6RD,www.stalbansouthnorwood.weebly.com/contact.html,@albanse25,@StAlbanSE25
St Catherine's Church Centre,WF1 5HL,www.stcatherines-wakefield.org.uk,@StCaths,N/A
St Laurence's Larder & Open Kitchen,NW6 7BJ,www.laurenceslarder.org.uk,N/A,@StLaurencesNW6
St Luke's,LS11 8PD,www.stlukesholbeck.org.uk/,N/A,N/A
St Martin's Food Share,HR2 7RJ,N/A,@StMartinsFoodShare,N/A
St Martins Foodbank,SY11 3AY,N/A,@stmartinsfoodbank,N/A
St Mary's / St Andrews Food Project,LS16 5HB,N/A,www.facebook.com/groups/1359822894395434,N/A
St Mary's / St Andrews Food Project,LS5 3PN,N/A,www.facebook.com/mylocalfoodbank,N/A
St Michael's Church Food Bank,B18 5LB,N/A,www.facebook.com/SaintMfoodbank/,N/A
St Paul's Pantry,CW1 3BY,www.stpaulscentre.org.uk/,@stpaulscentre,N/A
St. Mark's Meals,MK16 0EA,www.stmarksmk.com,@stmarksmk,@stmarksmk
St. Mary's Church (Tenbury Foodbank),WR15 8BP,N/A,N/A,N/A
St. Mary's Church and Community Food Bank,M34 7GD,www.stmaryshg.org.uk/food-bank,N/A,N/A
Stannington Foodbank,S6 5HZ,N/A,www.facebook.com/people/Stannington-Foodbank/100070457927079/,N/A
STAR Project,PA3 2BU,www.star-project.org.uk,N/A,N/A
Start Up Stirling,FK7 7SP,www.startupstirling.org.uk/,N/A,N/A
Start Up Stirling,FK7 9AY,www.startupstirling.org.uk/,N/A,N/A
Start Up Stirling,FK21 8TP,www.startupstirling.org.uk/,N/A,N/A
Start Up Stirling,FK17 8BN,www.startupstirling.org.uk/,N/A,N/A
STEP (South Tyrone Empowerment Programme),BT70 1BS,N/A,N/A,N/A
Stone Community Hub Limited,ST15 8NA,www.stonecommunityhub.org,Stone Community Hub,@stonecommhub
Storehouse Foodbank at West Suffolk Vineyard Church,IP32 6NL,www.wsvc.org.uk,N/A,N/A
"Storehouse Foodbank, Stour Valley Vineyard Church",CO10 1NP,www.stourvalleyvineyard.org/storehouse,N/A,N/A
Storehouse North Down Foodbank,BT19 7QT,www.storehousenorthdown.com,N/A,N/A
Storehouse St. Andrews Foodbank,KY16 8BP,www.storehousestandrews.com,@storehousestandrews,@StorehouseStA
Streetskitchen,N7 6AA,www.streetskitchen.org,@StreetsKitchenOfficial,N/A
Sufra NW London,NW10 0PW,www.sufra-nwlondon.org.uk,N/A,@SufraNWLondon
Sufra NW London - Pakistan Community Centre,NW2 4PU,www.sufra-nwlondon.org.uk,N/A,@SufraNWLondon
Sunnah Healthcare,S4 8LJ,www.sunnahhealthcare.co.uk,www.facebook.com/pages/Sunnah-Health-Care/618689161535617,N/A
Sunnyside Supplies,S66 3RL,www.sunnysidesupplies.co.uk,www.facebook.com/SunnysideSupplies,N/A
Surviving the Streets UK,BN21 3NJ,www.survivingthestreets.uk,N/A,@survivinguk
Surviving the Streets UK,TN34 1ET,www.survivingthestreets.uk,N/A,@survivinguk
Sutton Bridge Community Larder,PE12 9UN,N/A,@StMatthewsSuttonBridge,N/A
Sutton Coldfield Baptist Church,B72 1TA,www.scbc.org.uk,N/A,N/A
Sutton Coldfield Baptist Church,B72 1TA,www.scbc.org.uk,N/A,N/A
Sutton Community Food Project,WA9 4RB,N/A,N/A,N/A
Swansea Eastside Foodbank,SA1 7JR,N/A,www.facebook.com/groups/1483050495316450/,N/A
Swindon Food Collective,SN6 7AA,www.swindonfoodcollective.org,@swindonfoodcollective,N/A
Swindon Food Collective,SN4 7BQ,www.swindonfoodcollective.org,@swindonfoodcollective,N/A
Swindon Food Collective,SN2 5DU,www.swindonfoodcollective.org,@swindonfoodcollective,N/A
Swindon Food Collective,SN5 8NU,www.swindonfoodcollective.org,@swindonfoodcollective,N/A
Swindon Food Collective,SN1 1QS,www.swindonfoodcollective.org,@swindonfoodcollective,N/A
Swindon Food Collective,SN25 4XY,www.swindonfoodcollective.org,@swindonfoodcollective,N/A
Swindon Food Collective,SN3 6HP,www.swindonfoodcollective.org,@swindonfoodcollective,N/A
Swindon Food Collective,SN15 4PR,www.swindonfoodcollective.org,@swindonfoodcollective,N/A
Swindon Food Collective,SN3 2LG,www.swindonfoodcollective.org,@swindonfoodcollective,N/A
Swindon Food Collective,SN2 1QR,www.swindonfoodcollective.org,@swindonfoodcollective,N/A
Tara Martins Community Project,ME4 4BY,www.taramartinscommunityproject.org/,@taramartinscommunityproject,N/A
Tay Bridgehead Foodbank,DD6 8LQ,N/A,N/A,N/A
Teign Valley Larder CIC (Ashton),EX6 7QR,www.teignvalley.org/larder/,N/A,N/A
Teign Valley Larder CIC (Bridford),EX6 7HT,www.teignvalley.org/larder/,N/A,N/A
Teign Valley Larder CIC (Christow),EX6 7LZ,www.teignvalley.org/larder/,N/A,N/A
Teign Valley Larder CIC (Doddiscombsleigh),EX6 7PS,www.teignvalley.org/larder/,N/A,N/A
Teign Valley Larder CIC (Dunsford),EX6 7DA,www.teignvalley.org/larder/,N/A,N/A
Telford Crisis Support,TF7 4QP,www.telfordcrisissupport.org.uk,@TelfordSupport,@TelfordSupport
The Bay Food Bank,NE29 6BA,www.thebayfoodbank.org.uk/,@thebayfoodbank,@TheBAYFoodbank
The Besom in Camberley,GU15 2SR,www.thebesomincamberley.com,@besomcamberley,N/A
The Breaking Bread Trust,HA1 2TB,www.breakingbreadtrust.org,N/A,@tbbtcharity
The Bus Shelter Ipswich CIC,IP2 8LR,N/A,@thebussheltershop,N/A
The Centre Ferndown (Distributor for Wimborne Food Bank+),BH22 8XH,www.thecentreferndown.co.uk,https://www.facebook.com/pages/category/Community-Organization/The-Centre-Ferndown-308451436662319/,N/A
The Community Cupboard,TN15 6EL,N/A,N/A,N/A
The Community Emergency Food Bank (CEF),OX3 7JF,www.cefoxford.co.uk,N/A,N/A
The Community Emergency Food Bank (CEF),OX4 4QB,www.cefoxford.co.uk,N/A,N/A
The Community Emergency Food Bank (CEF),OX3 9LS,www.cefoxford.co.uk,N/A,N/A
The Dandelion Community - part of United Reformed Church,M22 1AH,www.dandelioncommunity.weebly.com/,@TheDandelionCommunity,N/A
The Easter Team,RH10 1FP,www.theeasterteam.org,N/A,N/A
The Food Pantry,IP26 4AA,N/A,www.facebook.com/The-Food-Pantry-103311221603276/,N/A
The Gate Charity Foodbank,FK10 2DR,www.the-gate-charity.org/,www.facebook.com/The-Gate-Charity-519395391491990,N/A
The Gospel Centre ( Food bank),N8 0LT,www.gospelcentre.co.uk/get-involved.html,N/A,N/A
The Gospel Church of Jesus Christ,WC1B 3PP,www.gcjc.co.uk,www.facebook.com/people/The-Gospel-Church-of-Jesus-Christ/100079879129482/,N/A
The Hill Community Development Trust,SA1 6PH,N/A,N/A,N/A
The Hive Food Bank,N19 3AD,www.thehivefoodbank.com/,N/A,N/A
The Hulme Community Pantry Limited,M15 5ED,N/A,N/A,N/A
The King's Storehouse (Wellspring Church Charity No 1062914),LL18 2PD,www.kingsstorehouse.org.uk/,@TheKingsStorehouseFoodbank,@KingsStorehouse
The Lalley Centre (Caritas Diocese of Salford),M40 7RG,www.caritassalford.org.uk,N/A,N/A
The Larder,EH54 9BJ,www.thelarder.org,@LarderTraining,@LarderTraining
The Larder,EH54 6TQ,www.thelarder.org,@LarderTraining,@LarderTraining
The Larder,EH52 5LH,www.thelarder.org,@LarderTraining,@LarderTraining
The Life House,B29 6PB,www.thelifehouse.net,N/A,N/A
The Magic Wishing Well,WF15 8HG,www.themagicwishingwell.org.uk,N/A,@themagicwishingwell
The Marketplace running out of Sidley Baptist church,TN39 5BX,N/A,N/A,N/A
The Moses Poject,TS18 2AP,www.themosesproject.co.uk,N/A,@TProject1
The Olive Branch (Faith in Action),LA1 5DB,www.the-olivebranch.org.uk,N/A,N/A
The Orchard,L19 8JZ,N/A,@orchardliverpool,N/A
The Pantry at Tintagel Social Hall,PL34 0AB,N/A,@TintagelPantry,N/A
"The Pantry, Bardney and surrounding villages - local community foodbank",LN3 5TZ,N/A,N/A,N/A
The Pantry@Sandbach Hub,CW11 1DG,N/A,N/A,N/A
The Parish Trust,CF83 8FL,www.theparishtrust.org.uk,@TheParishTrust,@TheParishTrust
The People's Army (collection only),N7 6AA,www.thepeoplesarmyfoodbank.wordpress.com,@thepeoplesarmyldn,@peoplesarmyldn
The People's Army (warm space + collection),N5 1SA,www.thepeoplesarmyfoodbank.wordpress.com,@thepeoplesarmyldn,@peoplesarmyldn
The People's Pantry,G42 7BX,www.govanhillbaths.com/pantry/,@GovanhillPeoplesPantry,N/A
The Peoples Pantry NE,NE38 8AQ,N/A,@thepeoplespantryNE,N/A
The Pop Up Soup Kitchen,PO30 1BA,N/A,N/A,N/A
The Power Movement Organisation,E1 5DD,www.poweruk.org,N/A,@ThePowerMoveme1
The Raft Foundation,BB4 6HR,www.raftfoundation.org,@the.raft.foundation,@raftfoundation
The River Manchester,M11 1JG,www.therivermanchester.org.uk/,N/A,N/A
The Sapphire Foundation,E1 6LS,www.sapphirecommunitygroup.org,N/A,N/A
The Selby Trust,N17 8JL,www.selbytrust.co.uk,N/A,@SelbyCentre
The SPACE,W10 6TT,www.214space.org,www.facebook.com/The-Food-Pantry-103311221603276/,@214space
The Vestry St Lukes Food Bank Club,SW3 6NH,N/A,www.facebook.com/vestrycommunitybank,N/A
The Vineyard Care Centre,AL1 5UG,www.thevineyardchurch.co.uk/compassion,N/A,N/A
The Welcome Centre,HD1 1QA,www.thewelcomecentre.org/,@TheWelcomeCentreHudds,N/A
The Well,NR31 9RE,www.gorlestonbaptist.org.uk/drop-in-centre,N/A,N/A
The Wiggly Worm,GL51 0LG,www.thewigglyworm.org.uk,@wigglycharity,N/A
The5es Development,E16 3PJ,www.the5es.org,N/A,@The5es4
The5es Development,E6 5YA,www.the5es.org,N/A,@The5es4
Thornaby Food Bank,TS17 8DH,N/A,@thornabyfoodbank,N/A
Thorne and Moorends Community Hub and Food Bank,DN8 4EZ,N/A,N/A,N/A
"Thorney, Eye and Surrounding Areas Food Bank",PE6 0QB,N/A,www.facebook.com/groups/1034578193675719/?mibextid=HsNCOg,N/A
TOOTING COMMUNITY KITCHEN,SW17 7EN,www.tootingcommunitykitchen.co.uk/,www.facebook.com/Tootcomkitche,N/A
Touch of Love Outreach,AB11 9LA,www.touchoflove.org.uk,https://www.facebook.com/groups/290242691951828,N/A
Transformation CPR,TR14 7RH,www.transformationcpr.org/,@TransCPR,@TransCPR
Transformation CPR,TR15 2FJ,www.transformationcpr.org/,@TransCPR,@TransCPR
Transformation CPR,TR14 8HW,www.transformationcpr.org/,@TransCPR,@TransCPR
Trinity Foodbank,M26 3WD,N/A,N/A,N/A
Trust House Whitefield,BL9 9AU,www.trusthousewhitefield.org,@trusthousewhitefield.org,N/A
Uist & Barra Foodbank,HS7 5LA,N/A,@Uistandbarrafoodbank,N/A
Uist & Barra Foodbank,HS9 5XY,N/A,@Uistandbarrafoodbank,N/A
Uist & Barra Foodbank,HS9 5XY,N/A,@Uistandbarrafoodbank,N/A
Uist & Barra Foodbank,HS7 5LA,N/A,@Uistandbarrafoodbank,N/A
Unity Grill CIC,KA7 1BG,N/A,@unitygrill,N/A
Unity Park (Milton Keynes Food Bank),MK9 1LR,www.mkfoodbank.org.uk/,@MKFoodBank,N/A
Unity World Cafe & foodbank,G5 8JD,N/A,www.facebook.com/groups/552234498254241/,N/A
Ventnor Community Foodbank,PO38 1SX,www.facebook.com/people/Ventnor-Community-Foodbank/100068020155033/,N/A,N/A
Victoria Park Baptist Church,BS3 5DA,www.victoriapark.org.uk,N/A,N/A
Vital Meals,SW11 5GX,www.vitalmeals.org,N/A,@tplattery
VOICE,BB1 1EZ,www.communitycvs.org.uk,www.facebook.com/Community-CVS-201094796657824/,N/A
Wai Yin Society,M4 5JU,www.waiyin.org.uk,@waiyinsociety,N/A
Wansbeck Valley Food Bank,NE63 8HZ,N/A,N/A,N/A
Wansbeck Valley Food Bank,NE61 6PU,N/A,N/A,N/A
Wansbeck Valley Food Bank,NE61 3EY,N/A,N/A,N/A
Wansbeck Valley Food Bank,NE61 3BP,www.wansbeckvalleyfoodbank.org,@Wansbeckvalleyfoodbank,N/A
Warming Up The Homeless,BN21 3PE,N/A,N/A,N/A
Warming Up The Homeless,TN34 3JJ,N/A,N/A,N/A
Warming Up The Homeless,TN33 0AE,N/A,N/A,N/A
Warming Up The Homeless,TN40 1DY,N/A,N/A,N/A
Warming Up The Homeless,TN40 1AX,N/A,N/A,N/A
Warming Up The Homeless,TN39 3EN,N/A,N/A,N/A
Washington Community Food Project,NE38 7SD,http://wcfp.org.uk/,@washingtoncfp,@Washington Community Food Project
Washington Community Food Project,NE38 8HZ,http://wcfp.org.uk/,@washingtoncfp,@Washington Community Food Project
Washington Community Food Project,NE38 0LA,http://wcfp.org.uk/,@washingtoncfp,@Washington Community Food Project
Washington Community Food Project,NE38 9AH,http://wcfp.org.uk/,@washingtoncfp,@Washington Community Food Project
Waste Not Want Not Battersea,SW11 2NT,N/A,@WasteNotWantNotProject,@WasteNotProject
Wells Vineyard Foodbank,BA5 1DA,www.wellsvineyard.com,@wellsstorehousefoodbank,N/A
Wem Food Bank,SY13 1LB,N/A,@WemFoodBank,N/A
West Dunbartonshire Community Foodshare,G82 5BN,www.westdunbartonshirecommunityfoodshare.co.uk,N/A,@WDCommFoodshare
West End Impact,LA3 1DG,www.westendimpact.org.uk,@WestEndImpact410,@WestEndImpact
West Hampstead Community Food Hub,NW6 2BA,www.westhampsteadcommunityfoodhub.org,N/A,@w_hub
West Northumberland Food Bank,NE46 3HN,www.westnorthumberlandfoodbank.org.uk,N/A,N/A
Whaley Bridge Food Bank,SK23 7LS,www.whaleybridgecanal.org,@WhaleyFoodBank,N/A
Whitefoot and Downham Community Food + Project,BR1 5SF,www.wdcfplus.org.uk/,N/A,@wdcfplus
Winchester Basics Bank,SO22 6EF,www.winchesterbasicsbank.co.uk,@winchesterbasicsbank,N/A
Winchester Basics Bank,SO24 9HD,www.winchesterbasicsbank.co.uk,@winchesterbasicsbank,N/A
Winchester Basics Bank,SO23 9NR,www.winchesterbasicsbank.co.uk,@winchesterbasicsbank,N/A
Winchester Basics Bank,SO23 0PZ,www.winchesterbasicsbank.co.uk,@winchesterbasicsbank,N/A
Woodgrange Baptist Church,E7 8AA,www.woodgrangebaptist.org.uk,N/A,N/A
Worthing Food Foundation (Formerly East Worthing Food Bank & now part of Les Alden Foundation),BN11 2NA,www.worthingfoodfoundation.org.uk,@WorthingFoodFoundation,@worthingfoodfdn
Worthing Vegan Food Bank,BN11 4BL,www.worthingveganfoodbank.co.uk,@WorthingVeganFoodBank,@VeganFoodBank
Wycombe Food Hub,HP13 5ES,www.wycombefoodhub.org,@wycombefoodhub,@wycombefoodhub
Wyre Forest Food Bank,DY11 5QA,N/A,@franchecommunitychurch,N/A
Wythenshawe Food Poverty Group,M23 0PH,www.st-matthews.org.uk/food-bank/,N/A,@bethnalfoodbank
Yaxley Foodbank,PE7 3LH,www.saintpeters.co.uk,N/A,N/A
Youth Aid Council,SE26 4QD,www.youthaidcouncil.org,N/A,N/A
Youth Aid Council,SE27 9JW,www.youthaidcouncil.org,N/A,N/A
Ystradgynlais Foodbank,SA9 1AF,www.ystradgynlaisvc.org.uk,@ystradgynlaisfoodbank,N/A
